{
  "NACC": {
    "NC": 0.0,
    "MCI": 0.07479877769947052,
    "Dementia": -0.052079278975725174
  },
  "PPMI": {
    "NC": 0.0,
    "MCI": 0.05279788002371788,
    "Dementia": -0.0031416714191436768
  }
}