{
  "NC": [
    0.0,
    0.0,
    0.0,
    0.0,
    0.0,
    0.0,
    0.0,
    0.0,
    0.0,
    0.0
  ],
  "MCI": [
    0.013838919810950756,
    0.01482178270816803,
    0.01579277403652668,
    0.016742274165153503,
    0.017661521211266518,
    0.01854289323091507,
    0.01938013918697834,
    0.02016848511993885,
    0.02090463601052761,
    0.02158673293888569
  ],
  "Dementia": [
    -0.051919661462306976,
    -0.05817195028066635,
    -0.0641234889626503,
    -0.06961267441511154,
    -0.0745299756526947,
    -0.07882124930620193,
    -0.08248156309127808,
    -0.08554327487945557,
    -0.08806271851062775,
    -0.09010815620422363
  ]
}