dataset,analysis,accuracy,auc,f1
NACC,ASC,0.9725,0.9976272556983726,0.9624458235162437
PPMI,ASC,0.669047619047619,0.7288443405974748,0.45552958955615935
