fold,accuracy,auc,f1,precision,recall,balanced_accuracy
1,0.985,0.9993534981439293,0.9816277274717172,0.9820573274354788,0.981247532570075,0.981247532570075
