{
  "State-1": {
    "NC": 0.0,
    "MCI": -0.5620340704917908,
    "Dementia": -0.7350865602493286
  },
  "State-2": {
    "NC": 0.0,
    "MCI": 0.6235647201538086,
    "Dementia": 0.9471913576126099
  },
  "State-3": {
    "NC": 0.0,
    "MCI": -0.8849303126335144,
    "Dementia": -0.3095935881137848
  }
}