{
  "asc_nacc": {
    "mean": [
      0.0,
      0.10224754502996802,
      -0.2831545372804006
    ],
    "std": [
      0.0,
      0.06955098304560503,
      0.02132625968696577
    ],
    "folds": {
      "fold_0": [
        0.0,
        0.16680052876472473,
        -0.28548943996429443
      ],
      "fold_1": [
        0.0,
        0.005700584966689348,
        -0.3080279231071472
      ],
      "fold_2": [
        0.0,
        0.13424152135849,
        -0.25594624876976013
      ]
    }
  },
  "asc_ppmi": {
    "mean": [
      0.0,
      -0.03959571818510691,
      0.4008398652076721
    ],
    "std": [
      0.0,
      0.018336370498328994,
      0.05201230441099397
    ],
    "folds": {
      "fold_0": [
        0.0,
        -0.06552033871412277,
        0.42065805196762085
      ],
      "fold_1": [
        0.0,
        -0.02715231291949749,
        0.45227691531181335
      ],
      "fold_2": [
        0.0,
        -0.026114502921700478,
        0.32958462834358215
      ]
    }
  },
  "difference": {
    "nacc_minus_ppmi": [
      0.0,
      0.14184326321507493,
      -0.6839944024880726
    ],
    "abs_diff": [
      0.0,
      0.14184326321507493,
      0.6839944024880726
    ]
  }
}