{
  "education_groups": {
    "low_le12": {
      "n_samples": 285
    },
    "high_gt12": {
      "n_samples": 1215
    },
    "missing": {
      "n_samples": 0
    }
  },
  "CBM_Supervised": {
    "demographic_parity_gap": {
      "mean": 0.036483155985137496,
      "std": 0.0265556438647699
    },
    "equal_opportunity_gap": {
      "mean": 0.036483155985137496,
      "std": 0.0265556438647699
    },
    "equalized_odds_gap": {
      "mean": 0.041436494670182844,
      "std": 0.02277726584598746
    },
    "per_group": {
      "low": {
        "BA": {
          "mean": 0.9439850889850889,
          "std": 0.04152391438733146
        },
        "TPR": {
          "mean": 0.9439850889850889,
          "std": 0.04152391438733146
        },
        "FPR": {
          "mean": 0.04007699518838358,
          "std": 0.03073619131119098
        },
        "F1": {
          "mean": 0.9205806054841231,
          "std": 0.06886073878692352
        }
      },
      "high": {
        "BA": {
          "mean": 0.9474805753823737,
          "std": 0.014361121014968595
        },
        "TPR": {
          "mean": 0.9474805753823737,
          "std": 0.014361121014968595
        },
        "FPR": {
          "mean": 0.026875295205634024,
          "std": 0.008819885149784427
        },
        "F1": {
          "mean": 0.9466229909200333,
          "std": 0.014743582675583762
        }
      }
    }
  },
  "CBM_Hybrid": {
    "demographic_parity_gap": {
      "mean": 0.028183594094123375,
      "std": 0.023487573625239618
    },
    "equal_opportunity_gap": {
      "mean": 0.028183594094123375,
      "std": 0.023487573625239618
    },
    "equalized_odds_gap": {
      "mean": 0.032392164977640116,
      "std": 0.023021754260951297
    },
    "per_group": {
      "low": {
        "BA": {
          "mean": 0.9656854256854256,
          "std": 0.034102587767260724
        },
        "TPR": {
          "mean": 0.9656854256854256,
          "std": 0.034102587767260724
        },
        "FPR": {
          "mean": 0.027537647537647536,
          "std": 0.02722400866628856
        },
        "F1": {
          "mean": 0.9624627925778821,
          "std": 0.04556176947046272
        }
      },
      "high": {
        "BA": {
          "mean": 0.9800397350292117,
          "std": 0.012400243179608009
        },
        "TPR": {
          "mean": 0.9800397350292117,
          "std": 0.012400243179608009
        },
        "FPR": {
          "mean": 0.009704465396152242,
          "std": 0.0060919616900012115
        },
        "F1": {
          "mean": 0.9785498764943619,
          "std": 0.014487565959145323
        }
      }
    }
  }
}