{
  "baseline": {
    "overall_BA": 0.9446666666666667,
    "low_edu_BA": 0.944788580662537,
    "high_edu_BA": 0.946677160794378,
    "gap": 0.0018885801318410111
  },
  "reweighting": {
    "overall_BA": 0.9366666666666666,
    "low_edu_BA": 0.9174943618789566,
    "high_edu_BA": 0.940337945621312,
    "gap": 0.0228435837423554
  },
  "education_calibration": {
    "overall_BA": 0.9413333333333332,
    "low_edu_BA": 0.9185294909776461,
    "high_edu_BA": 0.9484264391071947,
    "gap": 0.029896948129548573
  }
}