{
  "joint": {
    "mean": [
      0.0,
      0.049526017345488074,
      -0.07692052740603686
    ],
    "std": [
      0.0,
      0.03910502369008299,
      0.03890897680628684
    ],
    "folds": {
      "fold_0": [
        0.0,
        0.0419444665312767,
        -0.09822695702314377
      ],
      "fold_1": [
        0.0,
        0.05324511602520943,
        -0.009161868132650852
      ],
      "fold_2": [
        0.0,
        0.04556306079030037,
        -0.12709271907806396
      ],
      "fold_3": [
        0.0,
        -0.007914270274341106,
        -0.07476503401994705
      ],
      "fold_4": [
        0.0,
        0.11479171365499496,
        -0.07535605877637863
      ]
    }
  },
  "nacc_only": {
    "mean": [
      0.0,
      0.06988129839301109,
      -0.04433544371277094
    ],
    "std": [
      0.0,
      0.0341381719093403,
      0.03713204491105947
    ],
    "folds": {
      "fold_0": [
        0.0,
        0.0984838604927063,
        -0.04937255382537842
      ],
      "fold_1": [
        0.0,
        0.05134612321853638,
        -0.03564593940973282
      ],
      "fold_2": [
        0.0,
        0.05302770063281059,
        -0.04423476383090019
      ],
      "fold_3": [
        0.0,
        0.11995600908994675,
        -0.10446149110794067
      ],
      "fold_4": [
        0.0,
        0.02659279853105545,
        0.012037529610097408
      ]
    }
  },
  "ppmi_only": {
    "mean": [
      0.0,
      0.0446460273116827,
      -0.011094700265675782
    ],
    "std": [
      0.0,
      0.021751563982824906,
      0.01777044134261105
    ],
    "folds": {
      "fold_0": [
        0.0,
        0.0664185881614685,
        0.00850613322108984
      ],
      "fold_1": [
        0.0,
        0.04895348101854324,
        -0.017228959128260612
      ],
      "fold_2": [
        0.0,
        0.0030173081904649734,
        0.005879645701497793
      ],
      "fold_3": [
        0.0,
        0.04932015761733055,
        -0.0405571386218071
      ],
      "fold_4": [
        0.0,
        0.05552060157060623,
        -0.012073182500898838
      ]
    }
  }
}