{
  "joint": {
    "mean": [
      0.0,
      0.08021404445171357,
      -0.053175360336899756
    ],
    "std": [
      0.0,
      0.024309645343552285,
      0.015454113610024557
    ],
    "ci_95": [
      0.0,
      0.0213083436428609,
      0.013546127837095676
    ],
    "raw": [
      [
        0.0,
        0.11674089729785919,
        -0.06567955017089844
      ],
      [
        0.0,
        0.0718688815832138,
        -0.029269656166434288
      ],
      [
        0.0,
        0.08937591314315796,
        -0.0648014023900032
      ],
      [
        0.0,
        0.08116025477647781,
        -0.040196072310209274
      ],
      [
        0.0,
        0.04192427545785904,
        -0.06593012064695358
      ]
    ]
  },
  "nacc_only": {
    "mean": [
      0.0,
      0.05849238783121109,
      -0.03222128301858902
    ],
    "std": [
      0.0,
      0.02453269235004872,
      0.03221568495061073
    ],
    "ci_95": [
      0.0,
      0.02150385296419282,
      0.028238292904582754
    ],
    "raw": [
      [
        0.0,
        0.022972334176301956,
        -0.038319382816553116
      ],
      [
        0.0,
        0.09673982113599777,
        -0.02185300551354885
      ],
      [
        0.0,
        0.043871451169252396,
        0.019200781360268593
      ],
      [
        0.0,
        0.06477417796850204,
        -0.08067713677883148
      ],
      [
        0.0,
        0.06410415470600128,
        -0.03945767134428024
      ]
    ]
  },
  "ppmi_only": {
    "mean": [
      0.0,
      0.01682684070983669,
      -0.023931523971259593
    ],
    "std": [
      0.0,
      0.024171592116313503,
      0.016632216463587444
    ],
    "ci_95": [
      0.0,
      0.021187334653818196,
      0.01457878051859649
    ],
    "raw": [
      [
        0.0,
        9.140901238424703e-05,
        -0.009475069120526314
      ],
      [
        0.0,
        0.02413788251578808,
        -0.026990490034222603
      ],
      [
        0.0,
        -0.004446817096322775,
        -0.031753432005643845
      ],
      [
        0.0,
        0.0033310232684016228,
        -0.002296759746968746
      ],
      [
        0.0,
        0.061020705848932266,
        -0.04914186894893646
      ]
    ]
  }
}