{
  "nacc": {
    "dataset": "NACC",
    "both_correct": 1429,
    "both_wrong": 16,
    "dcm_only_correct": 5,
    "lr_only_correct": 50,
    "dcm_only_feature_mean": {
      "TRAIL_MAKING": 0.20000000298023224,
      "CUBE": 0.4000000059604645,
      "CLOCK_CONTOUR": 1.0,
      "CLOCK_NUMBERS": 0.6000000238418579,
      "CLOCK_HANDS": 0.4000000059604645,
      "NAMING": 2.799999952316284,
      "DIGIT_SPAN": 1.600000023841858,
      "VIGILANCE": 1.0,
      "SERIAL_7": 1.7999999523162842,
      "SENTENCE_REP": 0.800000011920929,
      "FLUENCY": 0.6000000238418579,
      "ABSTRACTION": 1.0,
      "DELAYED_RECALL": 2.799999952316284,
      "ORIENT_DATE": 1.0,
      "ORIENT_MONTH": 1.0,
      "ORIENT_YEAR": 0.800000011920929,
      "ORIENT_DAY": 1.0,
      "ORIENT_PLACE": 0.800000011920929,
      "ORIENT_CITY": 1.0
    },
    "lr_only_feature_mean": {
      "TRAIL_MAKING": 0.6399999856948853,
      "CUBE": 0.5,
      "CLOCK_CONTOUR": 0.9599999785423279,
      "CLOCK_NUMBERS": 0.7400000095367432,
      "CLOCK_HANDS": 0.5199999809265137,
      "NAMING": 2.740000009536743,
      "DIGIT_SPAN": 1.7000000476837158,
      "VIGILANCE": 0.800000011920929,
      "SERIAL_7": 2.059999942779541,
      "SENTENCE_REP": 1.2799999713897705,
      "FLUENCY": 0.7200000286102295,
      "ABSTRACTION": 1.399999976158142,
      "DELAYED_RECALL": 2.180000066757202,
      "ORIENT_DATE": 0.8399999737739563,
      "ORIENT_MONTH": 0.9200000166893005,
      "ORIENT_YEAR": 0.9399999976158142,
      "ORIENT_DAY": 0.8799999952316284,
      "ORIENT_PLACE": 0.8600000143051147,
      "ORIENT_CITY": 0.9800000190734863
    }
  },
  "ppmi": {
    "dataset": "PPMI",
    "both_correct": 163,
    "both_wrong": 106,
    "dcm_only_correct": 26,
    "lr_only_correct": 29,
    "dcm_only_feature_mean": {
      "TRAIL_MAKING": 0.7692307829856873,
      "CUBE": 0.6153846383094788,
      "CLOCK_CONTOUR": 0.8461538553237915,
      "CLOCK_NUMBERS": 0.6538461446762085,
      "CLOCK_HANDS": 0.5,
      "NAMING": 2.884615421295166,
      "DIGIT_SPAN": 1.576923131942749,
      "VIGILANCE": 0.8461538553237915,
      "SERIAL_7": 2.461538553237915,
      "SENTENCE_REP": 1.423076868057251,
      "FLUENCY": 0.6153846383094788,
      "ABSTRACTION": 1.8461538553237915,
      "DELAYED_RECALL": 2.5,
      "ORIENT_DATE": 0.8846153616905212,
      "ORIENT_MONTH": 0.9615384340286255,
      "ORIENT_YEAR": 0.9615384340286255,
      "ORIENT_DAY": 0.9615384340286255,
      "ORIENT_PLACE": 0.8846153616905212,
      "ORIENT_CITY": 0.9615384340286255
    },
    "lr_only_feature_mean": {
      "TRAIL_MAKING": 0.6896551847457886,
      "CUBE": 0.517241358757019,
      "CLOCK_CONTOUR": 0.8620689511299133,
      "CLOCK_NUMBERS": 0.8620689511299133,
      "CLOCK_HANDS": 0.517241358757019,
      "NAMING": 2.965517282485962,
      "DIGIT_SPAN": 1.862069010734558,
      "VIGILANCE": 0.9655172228813171,
      "SERIAL_7": 2.310344934463501,
      "SENTENCE_REP": 1.482758641242981,
      "FLUENCY": 0.5862069129943848,
      "ABSTRACTION": 1.6896551847457886,
      "DELAYED_RECALL": 2.344827651977539,
      "ORIENT_DATE": 0.931034505367279,
      "ORIENT_MONTH": 0.9655172228813171,
      "ORIENT_YEAR": 0.9655172228813171,
      "ORIENT_DAY": 1.0,
      "ORIENT_PLACE": 0.9655172228813171,
      "ORIENT_CITY": 1.0
    }
  }
}