{
  "nacc": {
    "Normal": {
      "mean_attribution": [
        0.0020440928637981415,
        0.003911267966032028,
        0.002413142006844282,
        0.0008692523115314543,
        0.00695011904463172,
        0.005397147964686155,
        0.010987102054059505,
        0.011093092150986195,
        0.02702431008219719,
        0.013811863027513027,
        -0.002921520499512553,
        0.008923837915062904,
        0.08586522936820984,
        0.012349636293947697,
        -0.004134389106184244,
        -0.009043189696967602,
        -0.007808732334524393,
        0.0004928247653879225,
        -0.008571569807827473,
        -0.003350940765812993,
        -0.008963960222899914,
        -0.0007513419259339571,
        0.004466808866709471,
        0.0
      ],
      "std_attribution": [
        0.12353626638650894,
        0.13192646205425262,
        0.10670345276594162,
        0.07795113325119019,
        0.10932546854019165,
        0.05113743618130684,
        0.1517651379108429,
        0.16643372178077698,
        0.12317316979169846,
        0.14469848573207855,
        0.15212920308113098,
        0.1853041648864746,
        0.4109002947807312,
        0.07250329107046127,
        0.022969914600253105,
        0.039506345987319946,
        0.03027317300438881,
        0.030306635424494743,
        0.03694520518183708,
        0.0656798928976059,
        0.047354407608509064,
        0.025071993470191956,
        0.09934331476688385,
        0.0
      ]
    },
    "MCI": {
      "mean_attribution": [
        0.02099115401506424,
        -0.0012740861857309937,
        0.0038278091233223677,
        0.006916536949574947,
        -0.00913348700851202,
        0.0005279250908643007,
        -0.0109109440818429,
        0.011901618912816048,
        -0.028392905369400978,
        -0.008463880978524685,
        0.005774182267487049,
        -0.02047327533364296,
        -0.044996149837970734,
        0.0018308258149772882,
        0.0007116964552551508,
        0.011363930068910122,
        0.004882230423390865,
        0.008087488822638988,
        0.012157524935901165,
        -0.0016193309566006064,
        0.005042343866080046,
        0.001203081221319735,
        0.0015586622757837176,
        0.0
      ],
      "std_attribution": [
        0.2039201855659485,
        0.16863422095775604,
        0.05572731792926788,
        0.13808800280094147,
        0.17650313675403595,
        0.1732754409313202,
        0.14916077256202698,
        0.17525435984134674,
        0.22520148754119873,
        0.2219579815864563,
        0.1858956217765808,
        0.2071085274219513,
        0.465641051530838,
        0.10087624192237854,
        0.10126572847366333,
        0.07777974754571915,
        0.1369876265525818,
        0.1448194533586502,
        0.08078248053789139,
        0.07562681287527084,
        0.054420262575149536,
        0.03006913885474205,
        0.01666112244129181,
        0.0
      ]
    },
    "Dementia": {
      "mean_attribution": [
        0.013351750560104847,
        0.012644086964428425,
        -0.0007407213561236858,
        0.003958369139581919,
        0.013127314858138561,
        0.013441778719425201,
        0.006293395068496466,
        0.006735931150615215,
        0.015201584435999393,
        0.009260492399334908,
        0.009949348866939545,
        0.013347821310162544,
        0.043050654232501984,
        0.007362527307122946,
        -0.000633635267149657,
        0.007980621419847012,
        0.0034614424221217632,
        0.008202104829251766,
        0.0021219064947217703,
        0.0009507951326668262,
        -0.004875931888818741,
        0.0016275077359750867,
        0.0013303811429068446,
        0.0
      ],
      "std_attribution": [
        0.11119723320007324,
        0.0852450430393219,
        0.053140752017498016,
        0.07831098884344101,
        0.09533802419900894,
        0.1437225192785263,
        0.08872787654399872,
        0.10826089978218079,
        0.18038904666900635,
        0.12018080800771713,
        0.08496516942977905,
        0.1376100480556488,
        0.19755767285823822,
        0.06945390999317169,
        0.04542790725827217,
        0.06526962667703629,
        0.08736705034971237,
        0.13358697295188904,
        0.05622989684343338,
        0.040020380169153214,
        0.03239625319838524,
        0.09518522769212723,
        0.022624274715781212,
        0.0
      ]
    }
  },
  "ppmi": {
    "Normal": {
      "mean_attribution": [
        0.01921984925866127,
        -0.018136002123355865,
        0.004808394238352776,
        0.008709505200386047,
        -0.014210955239832401,
        -0.004918510559946299,
        0.001758270780555904,
        0.003968580160290003,
        0.04475124552845955,
        0.03636116534471512,
        0.0350385382771492,
        -0.021298468112945557,
        -0.0032788042444735765,
        0.00044624123256653547,
        0.006052779965102673,
        0.00014662359899375588,
        -0.004092388786375523,
        -0.008672492578625679,
        0.0014237910509109497,
        0.006999183911830187,
        -0.011877758428454399,
        -0.01254567876458168,
        0.012311943806707859,
        0.0
      ],
      "std_attribution": [
        0.09621842950582504,
        0.1012715995311737,
        0.07616309821605682,
        0.11657820641994476,
        0.09728791564702988,
        0.08068260550498962,
        0.056340496987104416,
        0.05983331799507141,
        0.1256415992975235,
        0.12000108510255814,
        0.13904818892478943,
        0.08141446113586426,
        0.11737628281116486,
        0.12757118046283722,
        0.07508978992700577,
        0.08629554510116577,
        0.041767418384552,
        0.0479995496571064,
        0.01750481128692627,
        0.18031415343284607,
        0.09442748129367828,
        0.08844875544309616,
        0.14435696601867676,
        0.0
      ]
    },
    "MCI": {
      "mean_attribution": [
        0.022914573550224304,
        0.006338575854897499,
        0.0027133794501423836,
        0.005610225256532431,
        0.01678539253771305,
        -0.003461269661784172,
        0.005924725439399481,
        0.007488362956792116,
        0.027697017416357994,
        0.030777033418416977,
        -0.0035301032476127148,
        0.00885743461549282,
        0.02578427642583847,
        0.011166882701218128,
        -0.00402692798525095,
        0.008940408937633038,
        0.0024691757280379534,
        0.0013415722642093897,
        0.007875517010688782,
        0.03172202408313751,
        -0.004127276595681906,
        0.0015838058898225427,
        -0.01939649134874344,
        0.0
      ],
      "std_attribution": [
        0.10413440316915512,
        0.11063333600759506,
        0.14311358332633972,
        0.10224224627017975,
        0.11552475392818451,
        0.0519440583884716,
        0.07844479382038116,
        0.07012562453746796,
        0.08258035778999329,
        0.13417315483093262,
        0.16591620445251465,
        0.07191121578216553,
        0.09946651756763458,
        0.08643268793821335,
        0.02652849443256855,
        0.10232684016227722,
        0.06528185307979584,
        0.052009787410497665,
        0.07561145722866058,
        0.11304458975791931,
        0.09074358642101288,
        0.09125851839780807,
        0.14803268015384674,
        0.0
      ]
    },