{
  "NACC_3class": {
    "CBM_Supervised": {
      "BA": {
        "mean": 0.9400000000000001,
        "std": 0.01861898672502526
      },
      "AUC_macro": {
        "mean": 0.9939693333333334,
        "std": 0.004247817740388059
      },
      "F1_macro": {
        "mean": 0.9393505289951433,
        "std": 0.018894892510647333
      },
      "F1_weighted": {
        "mean": 0.9393505289951432,
        "std": 0.018894892510647368
      },
      "per_class": {
        "Normal": {
          "Precision": 0.9436893203883495,
          "Recall": 0.972,
          "F1": 0.9576354679802955
        },
        "MCI": {
          "Precision": 0.9475982532751092,
          "Recall": 0.868,
          "F1": 0.906054279749478
        },
        "Dementia": {
          "Precision": 0.9297912713472486,
          "Recall": 0.98,
          "F1": 0.9542356377799416
        }
      },
      "confusion_matrix": [
        [
          486,
          14,
          0
        ],
        [
          29,
          434,
          37
        ],
        [
          0,
          10,
          490
        ]
      ]
    },
    "CBM_Hybrid": {
      "BA": {
        "mean": 0.982,
        "std": 0.009451631252505215
      },
      "AUC_macro": {
        "mean": 0.9982639999999999,
        "std": 0.001662875688545457
      },
      "F1_macro": {
        "mean": 0.9819115582831929,
        "std": 0.009572461818327153
      },
      "F1_weighted": {
        "mean": 0.9819115582831929,
        "std": 0.009572461818327114
      },
      "per_class": {
        "Normal": {
          "Precision": 0.9881188118811881,
          "Recall": 0.998,
          "F1": 0.9930348258706467
        },
        "MCI": {
          "Precision": 0.989648033126294,
          "Recall": 0.956,
          "F1": 0.9725330620549338
        },
        "Dementia": {
          "Precision": 0.96875,
          "Recall": 0.992,
          "F1": 0.9802371541501976
        }
      },
      "confusion_matrix": [
        [
          499,
          1,
          0
        ],
        [
          6,
          478,
          16
        ],
        [
          0,
          4,
          496
        ]
      ]
    },
    "PlainDNN": {
      "BA": {
        "mean": 0.96,
        "std": 0.012995725793078628
      },
      "AUC_macro": {
        "mean": 0.9959353333333333,
        "std": 0.002257835738538642
      },
      "F1_macro": {
        "mean": 0.9597171867031132,
        "std": 0.013313825706048119
      },
      "F1_weighted": {
        "mean": 0.9597171867031132,
        "std": 0.013313825706048091
      },
      "per_class": {
        "Normal": {
          "Precision": 0.9627450980392157,
          "Recall": 0.982,
          "F1": 0.9722772277227723
        },
        "MCI": {
          "Precision": 0.9621848739495799,
          "Recall": 0.916,
          "F1": 0.9385245901639344
        },
        "Dementia": {
          "Precision": 0.9552529182879378,
          "Recall": 0.982,
          "F1": 0.9684418145956607
        }
      },
      "confusion_matrix": [
        [
          491,
          9,
          0
        ],
        [
          19,
          458,
          23
        ],
        [
          0,
          9,
          491
        ]
      ]
    },
    "LR": {
      "BA": {
        "mean": 0.9913333333333336,
        "std": 0.006699917080747254
      },
      "AUC_macro": {
        "mean": 0.999804,
        "std": 0.00060280824295769
      },
      "F1_macro": {
        "mean": 0.9913100389547045,
        "std": 0.006730577631738496
      },
      "F1_weighted": {
        "mean": 0.9913100389547045,
        "std": 0.006730577631738535
      },
      "per_class": {
        "Normal": {
          "Precision": 0.9940357852882704,
          "Recall": 1.0,
          "F1": 0.9970089730807578
        },
        "MCI": {
          "Precision": 1.0,
          "Recall": 0.974,
          "F1": 0.9868287740628167
        },
        "Dementia": {
          "Precision": 0.9803921568627451,
          "Recall": 1.0,
          "F1": 0.9900990099009901
        }
      },
      "confusion_matrix": [
        [
          500,
          0,
          0
        ],
        [
          3,
          487,
          10
        ],
        [
          0,
          0,
          500
        ]
      ]
    },
    "RF": {
      "BA": {
        "mean": 0.9366666666666668,
        "std": 0.012018504251546637
      },
      "AUC_macro": {
        "mean": 0.9921449999999999,
        "std": 0.0033301384689261985
      },
      "F1_macro": {
        "mean": 0.9364914416554561,
        "std": 0.012236317638560232
      },
      "F1_weighted": {
        "mean": 0.9364914416554561,
        "std": 0.012236317638560205
      },
      "per_class": {
        "Normal": {
          "Precision": 0.9432485322896281,
          "Recall": 0.964,
          "F1": 0.9535113748763601
        },
        "MCI": {
          "Precision": 0.9074446680080482,
          "Recall": 0.902,
          "F1": 0.9047141424272819
        },
        "Dementia": {
          "Precision": 0.959349593495935,
          "Recall": 0.944,
          "F1": 0.9516129032258065
        }
      },
      "confusion_matrix": [
        [
          482,
          18,
          0
        ],
        [
          29,
          451,
          20
        ],
        [
          0,
          28,
          472
        ]
      ]
    }
  },
  "NACC_binary": {
    "CBM_Supervised": {
      "BA": {
        "mean": 0.9710000000000001,
        "std": 0.010908712114635694
      },
      "AUC_macro": {
        "mean": 0.9969300000000001,
        "std": 0.001953458471531938
      },
      "F1_macro": {
        "mean": 0.9605209910576891,
        "std": 0.01578514881548406
      },
      "F1_weighted": {
        "mean": 0.964422209580332,
        "std": 0.014376913227664778
      },
      "per_class": {
        "Normal": {
          "Precision": 0.9084249084249084,
          "Recall": 0.992,
          "F1": 0.9483747609942639
        },
        "Abnormal": {
          "Precision": 0.9958071278825996,
          "Recall": 0.95,
          "F1": 0.9723643807574207
        }
      },
      "confusion_matrix": [
        [
          496,
          4
        ],
        [
          50,
          950
        ]
      ]
    },
    "CBM_Hybrid": {
      "BA": {
        "mean": 0.9935,
        "std": 0.005500000000000005
      },
      "AUC_macro": {
        "mean": 0.999062,
        "std": 0.0013213629327326957
      },
      "F1_macro": {
        "mean": 0.9918183265669397,
        "std": 0.00773332144963252
      },
      "F1_weighted": {
        "mean": 0.9926961608627869,
        "std": 0.006918234736085429
      },
      "per_class": {
        "Normal": {
          "Precision": 0.9822485207100592,
          "Recall": 0.996,
          "F1": 0.9890764647467726
        },
        "Abnormal": {
          "Precision": 0.9979859013091642,
          "Recall": 0.991,
          "F1": 0.9944806823883593
        }
      },
      "confusion_matrix": [
        [
          498,
          2
        ],
        [
          9,
          991
        ]
      ]
    },
    "PlainDNN": {
      "BA": {
        "mean": 0.9785,
        "std": 0.009233092656309703
      },
      "AUC_macro": {
        "mean": 0.997524,
        "std": 0.0018757398540309193
      },
      "F1_macro": {
        "mean": 0.9719772931705106,
        "std": 0.012462788984328097
      },
      "F1_weighted": {
        "mean": 0.9748666544288392,
        "std": 0.011286305842244439
      },
      "per_class": {
        "Normal": {
          "Precision": 0.9375,
          "Recall": 0.99,
          "F1": 0.9630350194552529
        },