{
  "A": [
    [
      -0.03930853307247162,
      0.029438378289341927,
      0.04919281229376793
    ],
    [
      -0.03243401646614075,
      0.023699749261140823,
      0.046835191547870636
    ],
    [
      -0.031052038073539734,
      0.017162062227725983,
      0.04845842346549034
    ],
    [
      -0.03631336987018585,
      0.007503510918468237,
      0.04304487258195877
    ],
    [
      -0.037829238921403885,
      0.01636563614010811,
      0.05278102308511734
    ]
  ],
  "B": [
    [
      0.039553359150886536,
      -0.10940851271152496,
      0.04043629392981529,
      0.06910321861505508,
      -0.00018270588770974427
    ],
    [
      0.03440201282501221,
      -0.10526077449321747,
      0.039925847202539444,
      0.07827369123697281,
      -0.0059964400716125965
    ],
    [
      0.03081493079662323,
      -0.12884044647216797,
      0.047853436321020126,
      0.07543568313121796,
      -0.01101408340036869
    ],
    [
      0.03733045607805252,
      -0.12657374143600464,
      0.057914528995752335,
      0.07520986348390579,
      -0.019436297938227654
    ],
    [
      0.03088003769516945,
      -0.12619559466838837,
      0.0627196654677391,
      0.06032668054103851,
      0.005155132617801428
    ]
  ],
  "C": [
    [
      0.060942888259887695,
      -0.03563205525279045
    ],
    [
      0.053409773856401443,
      -0.027444196864962578
    ],
    [
      0.0430908128619194,
      -0.022973524406552315
    ],
    [
      0.06304694712162018,
      -0.03164415806531906
    ],
    [
      0.05674738436937332,
      -0.02806907333433628
    ]
  ]
}